Name 1,Name 2,Frequency 1,Frequency 2,Frequency 3,Frequency 4,Frequency 5,Frequency 6,Frequency 7,Frequency 8,Frequency 9,Frequency 10,Frequency 11,Frequency 12,Frequency 13,Frequency 14,Frequency 15,Frequency 16,Frequency 17,Frequency 18,Frequency 19,Frequency 20,Frequency 21,Frequency 22,Frequency 23,Frequency 24,Frequency 25,Frequency 26,Frequency 27,Frequency 28,Frequency 29,Frequency 30,Frequency 31,Frequency 32,Frequency 33,Frequency 34,Frequency 35,Frequency 36,Frequency 37,Frequency 38,Frequency 39,Frequency 40,Frequency 41,Abbreviations
Fel Tauri,,672,,,,,,,,,,,,,,,,,,,,,,,,,,,,,,,,,,,,,,,,,BIO
Feli,,435,742,,,,,,,,,,,,,,,,,,,,,,,,,,,,,,,,,,,,,,,,CAFL
Feli,,435,,,,,,,,,,,,,,,,,,,,,,,,,,,,,,,,,,,,,,,,,VEGA
Feline Cat Immunodeficiency Virus FIV,,262,323,372,404,567,712,742,760,773,916,1103,1132,3701,,,,,,,,,,,,,,,,,,,,,,,,,,,,,XTRA
Feline Cat Leukemia 1,,258,332,414,424,544,741,743,830,901,918,997,,,,,,,,,,,,,,,,,,,,,,,,,,,,,,,XTRA
Feline Cat Leukemia 2,,424,830,901,918,,,,,,,,,,,,,,,,,,,,,,,,,,,,,,,,,,,,,,XTRA
Felis,Cats,430,834,2232,3233,,,,,,,,,,,,,,,,,,,,,,,,,,,,,,,,,,,,,,CAFL
Fell,,435,,,,,,,,,,,,,,,,,,,,,,,,,,,,,,,,,,,,,,,,,BIO
Felon 1,,657,659,738,751,,,,,,,,,,,,,,,,,,,,,,,,,,,,,,,,,,,,,,CAFL
Felon 2,,663,665,720,722,,,,,,,,,,,,,,,,,,,,,,,,,,,,,,,,,,,,,,CAFL
Felon 3,,657,659,663,665,720,722,738,751,,,,,,,,,,,,,,,,,,,,,,,,,,,,,,,,,,XTRA
Female Disorder,,727,787,880,,,,,,,,,,,,,,,,,,,,,,,,,,,,,,,,,,,,,,,XTRA
Femininity Inner (Male),,420.82,,,,,,,,,,,,,,,,,,,,,,,,,,,,,,,,,,,,,,,,,XTRA
Fever 2,,20,727,787,880,5000,,,,,,,,,,,,,,,,,,,,,,,,,,,,,,,,,,,,,XTRA
Fever 3,,20,422,660,690,727.5,787,800,832,880,2112,,,,,,,,,,,,,,,,,,,,,,,,,,,,,,,,XTRA
Fever All Kinds,,20,727,787,880,5000,,,,,,,,,,,,,,,,,,,,,,,,,,,,,,,,,,,,,CAFL
Fever Sunstroke,,20,440,880,,,,,,,,,,,,,,,,,,,,,,,,,,,,,,,,,,,,,,,CAFL
Fever,,1552,880,800,832,422,2112,787,727,20,,,,,,,,,,,,,,,,,,,,,,,,,,,,,,,,,CAFL
Fever,,120,230,830,5500,13930,12710,92500,376290,519340,652430,,,,,,,,,,,,,,,,,,,,,,,,,,,,,,,,KHZ
Fibroadenoma Breast,,1384,,,,,,,,,,,,,,,,,,,,,,,,,,,,,,,,,,,,,,,,,XTRA
Fibroadenoma Mamanae,Breast,1384,2128,2189,,,,,,,,,,,,,,,,,,,,,,,,,,,,,,,,,,,,,,,CAFL
Fibroadenoma Mamanae,,1384,,,,,,,,,,,,,,,,,,,,,,,,,,,,,,,,,,,,,,,,,VEGA
Fibroadenoma Mamanae,,1384,2128,2189,,,,,,,,,,,,,,,,,,,,,,,,,,,,,,,,,,,,,,,XTRA
Fibrocystic Breast Disease,,40,250,970,9000,73890,123200,257510,302580,592490,875430,,,,,,,,,,,,,,,,,,,,,,,,,,,,,,,,KHZ
Fibrodysplasia OP,,230,1180,2260,13580,308490,425080,511750,608020,715830,822410,,,,,,,,,,,,,,,,,,,,,,,,,,,,,,,,XTRA
Fibroid Cysts Breast,,267,660,690,727.5,776,787,802,880,1384,1550,,,,,,,,,,,,,,,,,,,,,,,,,,,,,,,,XTRA
Fibroids General,Uterus,267,465,666,690,727,776,787,802,880,1384,1488,1550,1744,2008,2127,2128,2189,2950,,,,,,,,,,,,,,,,,,,,,,,,CAFL
Fibroma 1,,272,273,465,660,690,727.5,802,1550,2008,2127.5,,,,,,,,,,,,,,,,,,,,,,,,,,,,,,,,XTRA
Fibroma 2,,465,660,690,727.5,802,1550,2008,2127.5,,,,,,,,,,,,,,,,,,,,,,,,,,,,,,,,,,XTRA
Fibroma 3,,465,666,690,727,802,1550,2008,2127,,,,,,,,,,,,,,,,,,,,,,,,,,,,,,,,,,XTRA
Fibroma Secondary,,465,802,1550,,,,,,,,,,,,,,,,,,,,,,,,,,,,,,,,,,,,,,,XTRA
Fibroma,,2127,2008,727,690,666,1550,802,465,,,,,,,,,,,,,,,,,,,,,,,,,,,,,,,,,,CAFL
Fibromatosis Aggressive,,50,230,950,13390,121590,285430,315910,472500,612500,930000,,,,,,,,,,,,,,,,,,,,,,,,,,,,,,,,KHZ
Fibromatosis Juvenile Hyaline,,50,230,950,10530,32510,62480,145440,372500,522500,792300,,,,,,,,,,,,,,,,,,,,,,,,,,,,,,,,KHZ
Fibromuscular Dysplasia,,20,520,750,2750,5250,47500,275000,424370,560000,815960,,,,,,,,,,,,,,,,,,,,,,,,,,,,,,,,KHZ
Fibromyalgia 1,,120,140,304,464,728,800,880,2489,3176,5000,6000,9000,,,,,,,,,,,,,,,,,,,,,,,,,,,,,,CAFL
Fibromyalgia 2,,2008,2050,2080,2127,880,800,787,728,600,420,320,120,3790,3792,3794,3796,3798,3800,3802,3804,3806,3808,3810,,,,,,,,,,,,,,,,,,,CAFL
Fibromyalgia 2,,28,95,240,522,600,625,650,2900,,,,,,,,,,,,,,,,,,,,,,,,,,,,,,,,,,XTRA
Fibromyalgia 3,,120,140,304,464,728,800,880,2489,3176,5000,6000,9000,,,,,,,,,,,,,,,,,,,,,,,,,,,,,,XTRA
Fibromyalgia 4,,328,2720=1800,9000,,,,,,,,,,,,,,,,,,,,,,,,,,,,,,,,,,,,,,,XTRA
Fibromyalgia 5,,120,320,420,600,728,787,800,880,2008,2050,2080,2127,3790,3792,3794,3796,3798,3800,3802,3804,3806,3808,3810,,,,,,,,,,,,,,,,,,,XTRA
Fibromyalgia,Nerve,328,880,800,728,5000,2720,2180,2128,664,464,304,120,20,,,,,,,,,,,,,,,,,,,,,,,,,,,,,CAFL
Fibromyalgia,,40=720,490,780,7500,118000,215430,362510,422060,608410,751200,,,,,,,,,,,,,,,,,,,,,,,,,,,,,,,,KHZ
Fibromyalgia,,328,,,,,,,,,,,,,,,,,,,,,,,,,,,,,,,,,,,,,,,,,XTRA
Fibropendulum,,661,7465,211,233,766,,,,,,,,,,,,,,,,,,,,,,,,,,,,,,,,,,,,,CAFL
Fibrosarcoma,,1744,,,,,,,,,,,,,,,,,,,,,,,,,,,,,,,,,,,,,,,,,BIO
Fibrosarcoma,,744,,,,,,,,,,,,,,,,,,,,,,,,,,,,,,,,,,,,,,,,,XTRA
Fibrosis of Lung,Lung,27.5,220,410,,,,,,,,,,,,,,,,,,,,,,,,,,,,,,,,,,,,,,,PROV
Fibrosis,,80,550,570,7500,8000,12690,140000,363020,492530,912480,,,,,,,,,,,,,,,,,,,,,,,,,,,,,,,,KHZ
Fibrous Dysplasia of Bone,,130,570,780,900,2250,144900,323720,602530,918280,,,,,,,,,,,,,,,,,,,,,,,,,,,,,,,,,KHZ
Fibrous Dysplasia Polyostotic,,200,460,600,2250,12850,144900,323720,602530,918280,,,,,,,,,,,,,,,,,,,,,,,,,,,,,,,,,KHZ
Fifth Disease,,809,1618,3236,,,,,,,,,,,,,,,,,,,,,,,,,,,,,,,,,,,,,,,XTRA
Filariasis,,190,180,730,7500,68000,115440,322500,545430,612370,779930,,,,,,,,,,,,,,,,,,,,,,,,,,,,,,,,KHZ
Filariose,,112,120,,,,,,,,,,,,,,,,,,,,,,,,,,,,,,,,,,,,,,,,BIO
Fischoedrius Elongatus,,441750-443200=3600,,,,,,,,,,,,,,,,,,,,,,,,,,,,,,,,,,,,,,,,,HC
Fischoedrius Elongatus,,1094.99,1095.6,1098.57,13804.69,13812.5,13850,,,,,,,,,,,,,,,,,,,,,,,,,,,,,,,,,,,,XTRA
Fischpyrogen,,832,,,,,,,,,,,,,,,,,,,,,,,,,,,,,,,,,,,,,,,,,BIO
Fissures,Anus,787,20,10000,,,,,,,,,,,,,,,,,,,,,,,,,,,,,,,,,,,,,,,CAFL
Fissures,,20,727,787,880,10000,,,,,,,,,,,,,,,,,,,,,,,,,,,,,,,,,,,,,XTRA
Fistula Dentalis 1,,550,660,690,727.5,844,878,1122,,,,,,,,,,,,,,,,,,,,,,,,,,,,,,,,,,,XTRA
Fistula Dentalis,,550,727,844,1122,,,,,,,,,,,,,,,,,,,,,,,,,,,,,,,,,,,,,,BIO
Fistula Dentalis,,550,844,786,727,878,1122,,,,,,,,,,,,,,,,,,,,,,,,,,,,,,,,,,,,CAFL
Fistula Ulcer,,880,832,787,727,,,,,,,,,,,,,,,,,,,,,,,,,,,,,,,,,,,,,,CAFL
Fistula,,130,250,620,5750,17250,37300,129560,345430,415700,682020,,,,,,,,,,,,,,,,,,,,,,,,,,,,,,,,KHZ
Fistula,,660,690,727.5,787,832,880,,,,,,,,,,,,,,,,,,,,,,,,,,,,,,,,,,,,XTRA
FIV,,262,323,372,404,567,712,742,760,773,916,1103,1132,3701,,,,,,,,,,,,,,,,,,,,,,,,,,,,,BIO
FIV,Cats,262,323,372,404,567,712,742,760,773,916,1103,1132,3201,,,,,,,,,,,,,,,,,,,,,,,,,,,,,CAFL
FIV,,262,323,372,567,916,,,,,,,,,,,,,,,,,,,,,,,,,,,,,,,,,,,,,VEGA
Flashes Hot,,727,787,880,10000,,,,,,,,,,,,,,,,,,,,,,,,,,,,,,,,,,,,,,XTRA
Flatulence 1,,20,422,465,660,676,690,727.5,760,787,802,832,880,1550,,,,,,,,,,,,,,,,,,,,,,,,,,,,,XTRA
Flatulence,,1550,880,832,802,787,727,465,,,,,,,,,,,,,,,,,,,,,,,,,,,,,,,,,,,CAFL
Fleas,,2374,2750,,,,,,,,,,,,,,,,,,,,,,,,,,,,,,,,,,,,,,,,CAFL
Floaters,,130,350,850,5430,17500,42500,236420,478500,527000,667000,,,,,,,,,,,,,,,,,,,,,,,,,,,,,,,,KHZ
Floppy Mitral Valve,,40,240,49710,132850,235510,321510,405620,592520,654320,779500,,,,,,,,,,,,,,,,,,,,,,,,,,,,,,,,XTRA
Flu 2,,20,304,440,464,727,728,787,800,885,1234,1500,1550,2008,3672,5000,7344,7760,,,,,,,,,,,,,,,,,,,,,,,,,CAFL
Flu 1978,,844,849,,,,,,,,,,,,,,,,,,,,,,,,,,,,,,,,,,,,,,,,CAFL
Flu 1979,,123,,,,,,,,,,,,,,,,,,,,,,,,,,,,,,,,,,,,,,,,,BIO
Flu 1983,,730,734,,,,,,,,,,,,,,,,,,,,,,,,,,,,,,,,,,,,,,,,BIO
Flu Grippe Influenza,,727,787,800,880,,,,,,,,,,,,,,,,,,,,,,,,,,,,,,,,,,,,,,CAFL
Flu Spanish,,462,,,,,,,,,,,,,,,,,,,,,,,,,,,,,,,,,,,,,,,,,BIO
Flu Triple Nosode,,421,632,1242,1422,1922,3122,,,,,,,,,,,,,,,,,,,,,,,,,,,,,,,,,,,,VEGA
Flu Virus A,,332,,,,,,,,,,,,,,,,,,,,,,,,,,,,,,,,,,,,,,,,,VEGA
Flu Virus B Hong Kong,,555,,,,,,,,,,,,,,,,,,,,,,,,,,,,,,,,,,,,,,,,,CAFL
Flu Virus B,,530,532,536,537,,,,,,,,,,,,,,,,,,,,,,,,,,,,,,,,,,,,,,CAFL
Flu Virus British,,932,,,,,,,,,,,,,,,,,,,,,,,,,,,,,,,,,,,,,,,,,VEGA
Flu Virus,,88,728,800,2050,2180,2452,7760,8000,8250,,,,,,,,,,,,,,,,,,,,,,,,,,,,,,,,,PROV
Flu,,20,727,787,880,1550,,,,,,,,,,,,,,,,,,,,,,,,,,,,,,,,,,,,,CAFL
Fluid in Joints and Tissues,,15,24.3,,,,,,,,,,,,,,,,,,,,,,,,,,,,,,,,,,,,,,,,XTRA
Fluid Retention,,24.3,,,,,,,,,,,,,,,,,,,,,,,,,,,,,,,,,,,,,,,,,XTRA
Fluke Intestinal,,15,55,524,651,676,844,848,854,2000,2084,2128,2150,6766,,,,,,,,,,,,,,,,,,,,,,,,,,,,,XTRA
Flukes,,143,275,435,524,651,676,763,854,945,,,,,,,,,,,,,,,,,,,,,,,,,,,,,,,,,XTRA
Flukeworm,,524,854,,,,,,,,,,,,,,,,,,,,,,,,,,,,,,,,,,,,,,,,BIO
Fluor Alb,,110,342,420,423,688,757,,,,,,,,,,,,,,,,,,,,,,,,,,,,,,,,,,,,CAFL
Fluor Alb,,420,423,424,2222,502,,,,,,,,,,,,,,,,,,,,,,,,,,,,,,,,,,,,,VEGA
Fluorine f,,2.62,158.87,11484.01,,,,,,,,,,,,,,,,,,,,,,,,,,,,,,,,,,,,,,,XTRA
Follicular Mange,Hair,253,693,701,774,,,,,,,,,,,,,,,,,,,,,,,,,,,,,,,,,,,,,,CAFL
Follicular Mange,,693,253,,,,,,,,,,,,,,,,,,,,,,,,,,,,,,,,,,,,,,,,VEGA
Folliculitis Hot Tub,Hair,174,482,5311,,,,,,,,,,,,,,,,,,,,,,,,,,,,,,,,,,,,,,,CAFL
Food Poisoning 1,,59,92,165,420,643,664,707,711,717,719,752,947.62,954.32,956.79,958.15,972,1244,1522,6787,7771,11946.87,12031.25,12062.5,12079.69,19168.02,19217.81,,,,,,,,,,,,,,,,XTRA
Food Poisoning 2,,546,693,754,762,773,947.62,954.32,956.79,958.15,1634,8656,11946.87,12031.25,12062.5,12079.69,19168.02,19217.81,,,,,,,,,,,,,,,,,,,,,,,,,XTRA
Food Poisoning 4,,10000,,,,,,,,,,,,,,,,,,,,,,,,,,,,,,,,,,,,,,,,,XTRA
Food Poisoning Distilled Water,,727,787,880,10000,,,,,,,,,,,,,,,,,,,,,,,,,,,,,,,,,,,,,,XTRA
Food Poisoning,,1552,802,832,,,,,,,,,,,,,,,,,,,,,,,,,,,,,,,,,,,,,,,CAFL
Food Poisoning,,120,230,830,5500,12710,83930,192500,475440,624370,882450,,,,,,,,,,,,,,,,,,,,,,,,,,,,,,,,KHZ
Foot and Mouth Disease,,232,237,558.37,585.91,1116.75,1171.83,1214,1243,1244,1271,5411,,,,,,,,,,,,,,,,,,,,,,,,,,,,,,,XTRA
Foot and Mouth Syndrome,,232,237,1214,1243,1244,1271,5411,,,,,,,,,,,,,,,,,,,,,,,,,,,,,,,,,,,CAFL
Foot and Mouth,,232,237,1214,1244,1271,5411,,,,,,,,,,,,,,,,,,,,,,,,,,,,,,,,,,,,VEGA
Foot Blisters,,465,727,787,880,10000,,,,,,,,,,,,,,,,,,,,,,,,,,,,,,,,,,,,,CAFL
Forgiveness,,706,,,,,,,,,,,,,,,,,,,,,,,,,,,,,,,,,,,,,,,,,XTRA
Formal Concepts,,10.7,,,,,,,,,,,,,,,,,,,,,,,,,,,,,,,,,,,,,,,,,XTRA
Fournier Gangrene,,80,550,570,7500,18000,121090,242900,360000,596500,975430,,,,,,,,,,,,,,,,,,,,,,,,,,,,,,,,KHZ
Fracture Healing,,25,50,,,,,,,,,,,,,,,,,,,,,,,,,,,,,,,,,,,,,,,,XTRA
Fractures Bone,Bone,1028,,,,,,,,,,,,,,,,,,,,,,,,,,,,,,,,,,,,,,,,,CUST
Fractures Bone,,130,570,780,930,32500,217500,552710,743010,815910,913520,,,,,,,,,,,,,,,,,,,,,,,,,,,,,,,,KHZ
Fractures Bone,,220,230,727,787,880,10000,,,,,,,,,,,,,,,,,,,,,,,,,,,,,,,,,,,,XTRA
Fractures Healing,,220,230,10000,880,787,727,,,,,,,,,,,,,,,,,,,,,,,,,,,,,,,,,,,,CAFL
Fragile X Syndrome,,230,620,950,7500,5500,33980,145430,295300,375430,522530,,,,,,,,,,,,,,,,,,,,,,,,,,,,,,,,KHZ
Franciselila Tularensis,,323,324,427,694,823,913,,,,,,,,,,,,,,,,,,,,,,,,,,,,,,,,,,,,XTRA
Freedom,,144.72,,,,,,,,,,,,,,,,,,,,,,,,,,,,,,,,,,,,,,,,,XTRA
Freeman-Sheldon Syndrome,,190,520,680,800,2500,5170,15000,42500,92500,325430,,,,,,,,,,,,,,,,,,,,,,,,,,,,,,,,KHZ
Freiberg's Disease,,170,520,730,950,2250,17500,35910,72500,90000,275370,,,,,,,,,,,,,,,,,,,,,,,,,,,,,,,,KHZ
Frequency Fatigue 1,,7.83,10.55,,,,,,,,,,,,,,,,,,,,,,,,,,,,,,,,,,,,,,,,XTRA
Frequency Fatigue 2,,1.55,,,,,,,,,,,,,,,,,,,,,,,,,,,,,,,,,,,,,,,,,XTRA
Frequency Fatigue,,10.55,7.83,,,,,,,,,,,,,,,,,,,,,,,,,,,,,,,,,,,,,,,,CAFL
Friedreich Ataxia,,160,490,730,950,5260,7250,12710,92500,275000,425430,,,,,,,,,,,,,,,,,,,,,,,,,,,,,,,,KHZ
Frigidity Female,,10000,20,,,,,,,,,,,,,,,,,,,,,,,,,,,,,,,,,,,,,,,,CAFL 
Frigidity,,1.1,9.39,9.4,20,72,73,95,,,,,,,,,,,,,,,,,,,,,,,,,,,,,,,,,,,XTRA
Frigidity,,120,580,38000,53770,202000,390610,502360,581260,638190,708920,,,,,,,,,,,,,,,,,,,,,,,,,,,,,,,,XTRA
Frostbite 1,,727,787,880,5000=420,,,,,,,,,,,,,,,,,,,,,,,,,,,,,,,,,,,,,,XTRA
Frostbite 2,,660,690,727.5,787,880,,,,,,,,,,,,,,,,,,,,,,,,,,,,,,,,,,,,,XTRA
Frostbite,,880,787,727,,,,,,,,,,,,,,,,,,,,,,,,,,,,,,,,,,,,,,,CAFL
Frozen Shoulder,,10000,880,802,787,766,727,,,,,,,,,,,,,,,,,,,,,,,,,,,,,,,,,,,,CAFL
Fruitfly,,2167,,,,,,,,,,,,,,,,,,,,,,,,,,,,,,,,,,,,,,,,,CAFL
Fucosidosis,,50,240,680,950,2500,7500,32500,96500,275470,522530,,,,,,,,,,,,,,,,,,,,,,,,,,,,,,,,KHZ
Functional Disturbances,,9.39,,,,,,,,,,,,,,,,,,,,,,,,,,,,,,,,,,,,,,,,,XTRA
Fungal and Yeast Infection,,465,,,,,,,,,,,,,,,,,,,,,,,,,,,,,,,,,,,,,,,,,XTRA
Fungal Infection,,20,465,727,802,880,1550,,,,,,,,,,,,,,,,,,,,,,,,,,,,,,,,,,,,XTRA
Fungal Infections,,465,,,,,,,,,,,,,,,,,,,,,,,,,,,,,,,,,,,,,,,,,XTRA
Fungus Adams,,943,2644,,,,,,,,,,,,,,,,,,,,,,,,,,,,,,,,,,,,,,,,XTRA
Fungus and Mold 2,,132,254,321,337,344,374,414,464,524,555,728,743,766,784,866,880,886,942,1823,2411,,,,,,,,,,,,,,,,,,,,,,XTRA
Fungus and Mold,,4442,2411,1833,1823,1333,1155,1130,1016,942,933,886,880,866,784,774,766,745,743,728,623,623,594,592,565,555,524,512,464,414,374,344,337,321,254,242,222,158,132,,,,CAFL
Fungus Black Nail,,612,644,766,1000,190,465,,,,,,,,,,,,,,,,,,,,,,,,,,,,,,,,,,,,CUST
Fungus EW Range,,823,824,825,826,827,828,829,,,,,,,,,,,,,,,,,,,,,,,,,,,,,,,,,,,CAFL
Fungus Flora 1,,331,336,555,587,632,688,757,882,884,887,,,,,,,,,,,,,,,,,,,,,,,,,,,,,,,,CAFL
Fungus Flora,,632,,,,,,,,,,,,,,,,,,,,,,,,,,,,,,,,,,,,,,,,,VEGA
Fungus Foot and General 1,,1550,,,,,,,,,,,,,,,,,,,,,,,,,,,,,,,,,,,,,,,,,CAFL
Fungus General,,2222,1552,1550,1153,1134,1016,880,802,787,784,727,582,465,422,254,72,20,,,,,,,,,,,,,,,,,,,,,,,,,CAFL
Fungus Katys Foot,,634,,,,,,,,,,,,,,,,,,,,,,,,,,,,,,,,,,,,,,,,,XTRA
Fungus Suttons Bar,,854,,,,,,,,,,,,,,,,,,,,,,,,,,,,,,,,,,,,,,,,,XTRA
Funnel Chest,,130,230,730,800,5250,7250,35370,95910,215500,510000,,,,,,,,,,,,,,,,,,,,,,,,,,,,,,,,KHZ
Furunculosis Herpes 2,,200,802,1000,1550,,,,,,,,,,,,,,,,,,,,,,,,,,,,,,,,,,,,,,XTRA
Furunculosis Herpes,,200,1000,1550,802,787,727,,,,,,,,,,,,,,,,,,,,,,,,,,,,,,,,,,,,CAFL
Furunculosis Herpes,,20,116,200,465,660,690,802,1000,1550,2000,,,,,,,,,,,,,,,,,,,,,,,,,,,,,,,,XTRA
Furunculosis Secondary,,727,787,,,,,,,,,,,,,,,,,,,,,,,,,,,,,,,,,,,,,,,,XTRA
Furunculosis,Skin,880,1550,802,787,727,465,660,20,116,770,,,,,,,,,,,,,,,,,,,,,,,,,,,,,,,,CAFL
Furunculosis,,200,460,600,2250,12850,27500,42500,96500,236420,455210,,,,,,,,,,,,,,,,,,,,,,,,,,,,,,,,KHZ
Fusarium General 2,,600,625,650,746,768,,,,,,,,,,,,,,,,,,,,,,,,,,,,,,,,,,,,,XTRA
Fusarium General,,768,625,746,,,,,,,,,,,,,,,,,,,,,,,,,,,,,,,,,,,,,,,CAFL
Fusarium Oxysporum,,102,705,,,,,,,,,,,,,,,,,,,,,,,,,,,,,,,,,,,,,,,,BIO
Fusarium Oxysporum,Eyes,102,332,705,795,780,,,,,,,,,,,,,,,,,,,,,,,,,,,,,,,,,,,,,CAFL
Fusarium Oxysporum,,102,,,,,,,,,,,,,,,,,,,,,,,,,,,,,,,,,,,,,,,,,VEGA
Fusobacterium Infections,,190,180,750,9000,11090,22500,47500,115700,377910,470000,,,,,,,,,,,,,,,,,,,,,,,,,,,,,,,,KHZ
Fusobacterium Infections,,190,180,750,9000,11090,22500,47500,115700,377910,470120,,,,,,,,,,,,,,,,,,,,,,,,,,,,,,,,XTRA
Gaetner,,519,577,767,693,,,,,,,,,,,,,,,,,,,,,,,,,,,,,,,,,,,,,,CAFL
Gaffkya Tetragena 1,,854.79,867.55,873.75,11015.62,21553.13,21875,,,,,,,,,,,,,,,,,,,,,,,,,,,,,,,,,,,,XTRA
Gaffkya Tetragena 2,,867.55,17425.47,,,,,,,,,,,,,,,,,,,,,,,,,,,,,,,,,,,,,,,,XTRA
Gaffkya Tetragena,,344850-352500=3600,,,,,,,,,,,,,,,,,,,,,,,,,,,,,,,,,,,,,,,,,HC
Gait Disorders Neurologic,,130,250,620,10890,2750,25260,125370,245470,393500,505100,,,,,,,,,,,,,,,,,,,,,,,,,,,,,,,,KHZ
Galactosemias,,110,240,650,830,2500,127500,255470,387500,696500,825910,,,,,,,,,,,,,,,,,,,,,,,,,,,,,,,,KHZ
Gall Bladder Dystonia With Osteitis,Gallbladder,2.65,3000,880,787,727,20,,,,,,,,,,,,,,,,,,,,,,,,,,,,,,,,,,,,CAFL
Gallbladder 1,,20,727,787,880,5000,,,,,,,,,,,,,,,,,,,,,,,,,,,,,,,,,,,,,XTRA
Gallbladder 2,,164.3,,,,,,,,,,,,,,,,,,,,,,,,,,,,,,,,,,,,,,,,,XTRA
Gallbladder Diseases,,120,550,950,5370,22500,42500,162500,292500,442200,524370,,,,,,,,,,,,,,,,,,,,,,,,,,,,,,,,KHZ
Gallbladder Inflammation,,432,,,,,,,,,,,,,,,,,,,,,,,,,,,,,,,,,,,,,,,,,BIO
Gallbladder Inflammation,Gallbladder,432,801,1551,,,,,,,,,,,,,,,,,,,,,,,,,,,,,,,,,,,,,,,CAFL
Gallbladder Pain,Gallbladder,800,1550,,,,,,,,,,,,,,,,,,,,,,,,,,,,,,,,,,,,,,,,CAFL
Gallbladder,,10,,,,,,,,,,,,,,,,,,,,,,,,,,,,,,,,,,,,,,,,,XTRA
Gallium,,11350,,,,,,,,,,,,,,,,,,,,,,,,,,,,,,,,,,,,,,,,,XTRA
Gallstone Attack,,481,743,865,928,,,,,,,,,,,,,,,,,,,,,,,,,,,,,,,,,,,,,,BIO
Gallstones 1,,2.64,20,30.5,444,660,690,727.5,787,800,880,1552,1865,3000,600010000,,,,,,,,,,,,,,,,,,,,,,,,,,,,XTRA
Gallstones,Gallbladder,2.65,3.5,3000,1552,800,880,787,727,20,6000,10000,444,,,,,,,,,,,,,,,,,,,,,,,,,,,,,,CAFL
Gamma Brainwave Frequency,,40,,,,,,,,,,,,,,,,,,,,,,,,,,,,,,,,,,,,,,,,,XTRA
Ganglionitis,,574,1557,,,,,,,,,,,,,,,,,,,,,,,,,,,,,,,,,,,,,,,,XTRA
Gangrene General,,880,787,727,20,73,,,,,,,,,,,,,,,,,,,,,,,,,,,,,,,,,,,,,CAFL
Gangrene,,70,500,950,7500,13520,132500,342500,490000,696500,796500,,,,,,,,,,,,,,,,,,,,,,,,,,,,,,,,KHZ
Gangrene,,20,73,727,787,880,,,,,,,,,,,,,,,,,,,,,,,,,,,,,,,,,,,,,XTRA
Gardnerella 1,,320,329,485,695,782,995,16927.59,20812.5=1200,21250,,,,,,,,,,,,,,,,,,,,,,,,,,,,,,,,,XTRA
Gardnerella 2,,320,329,485,695,782,825.41,842.77,849.1,995,16927.59,20812.5,21250,21409.38,,,,,,,,,,,,,,,,,,,,,,,,,,,,,XTRA
Gardnerella Vaginalis 1,,842.77,16927.59,,,,,,,,,,,,,,,,,,,,,,,,,,,,,,,,,,,,,,,,XTRA
Gardnerella Vaginalis 2,,825.41,842.77,849.1,20812.5,21250,21409.38,,,,,,,,,,,,,,,,,,,,,,,,,,,,,,,,,,,,XTRA
Gardnerella Vaginalis 3,,320,782,,,,,,,,,,,,,,,,,,,,,,,,,,,,,,,,,,,,,,,,XTRA
Gardnerella Vaginalis,,333000-342550=3600,,,,,,,,,,,,,,,,,,,,,,,,,,,,,,,,,,,,,,,,,HC
Gardnerella,,320,695,782,995,329,485,,,,,,,,,,,,,,,,,,,,,,,,,,,,,,,,,,,,CAFL
Gardnerella,,782,,,,,,,,,,,,,,,,,,,,,,,,,,,,,,,,,,,,,,,,,VEGA
Gardnerella,,320,329,485,695,782,995,,,,,,,,,,,,,,,,,,,,,,,,,,,,,,,,,,,,XTRA
Gasoden,,878,,,,,,,,,,,,,,,,,,,,,,,,,,,,,,,,,,,,,,,,,CAFL
Gasser's Syndrome,,50,180,4820,65000,110250,332410,517500,684810,712230,992000,,,,,,,,,,,,,,,,,,,,,,,,,,,,,,,,XTRA
Gastric Gouty Ulcers,,727,776,787,880,,,,,,,,,,,,,,,,,,,,,,,,,,,,,,,,,,,,,,XTRA
Gastric Stomach and Colon,,20,727,787,880,5000,,,,,,,,,,,,,,,,,,,,,,,,,,,,,,,,,,,,,XTRA
Gastritis and Flatus 2,,20,727,787,832,,,,,,,,,,,,,,,,,,,,,,,,,,,,,,,,,,,,,,XTRA
Gastritis and Flatus,Stomach,880,832,802,787,727,676,422,20,,,,,,,,,,,,,,,,,,,,,,,,,,,,,,,,,,CAFL
Gastritis Hypertrophic,,100,500,680,10090,14280,17500,237500,517500,696500,816500,,,,,,,,,,,,,,,,,,,,,,,,,,,,,,,,XTRA
Gastritis,,150,230,730,850,5260,127250,335910,487500,692470,752010,,,,,,,,,,,,,,,,,,,,,,,,,,,,,,,,KHZ
Gastroenteritis Calicivirus,,30,475,575,2750,5250,6250,9750=360,1500,362.5,,,,,,,,,,,,,,,,,,,,,,,,,,,,,,,,,CUST
Gastroenteritis,,100,500,680,950,5750,17500,237500,517500,696500,816500,,,,,,,,,,,,,,,,,,,,,,,,,,,,,,,,KHZ
Gastroesophageal Reflux,,230,620,970,7500,5500,13930,45370,95470,376290,422530,,,,,,,,,,,,,,,,,,,,,,,,,,,,,,,,KHZ
Gastrointestinal Disease,,20,520,700,900,2500,5250,15470,142500,292500,821060,,,,,,,,,,,,,,,,,,,,,,,,,,,,,,,,KHZ
Gastrointestinal Hemorrhage,,50,520,710,930,2560,33180,215470,402530,592500,7325370,,,,,,,,,,,,,,,,,,,,,,,,,,,,,,,,KHZ
Gastrointestinal Stromal Tumors,,70,520,700,950,2500,3000,125910,347500,492500,675470,,,,,,,,,,,,,,,,,,,,,,,,,,,,,,,,KHZ
Gastroparesis,,170,520,750,950,2250,17500,135370,385910,591000,722530,,,,,,,,,,,,,,,,,,,,,,,,,,,,,,,,KHZ
Gastroschisis,,160,490,730,950,12690,5260,12710,92500,269710,475470,,,,,,,,,,,,,,,,,,,,,,,,,,,,,,,,KHZ
Gastrothylax Elongatus,,451900-457100=3600,,,,,,,,,,,,,,,,,,,,,,,,,,,,,,,,,,,,,,,,,HC
Gastrothylax Elongatus,,1120.15,1127.82,1133.03,14218.75,14284.37,,,,,,,,,,,,,,,,,,,,,,,,,,,,,,,,,,,,,XTRA
Gaucher Disease,,50,240,700,950,2500,7500,32500,125370,319340,519340,,,,,,,,,,,,,,,,,,,,,,,,,,,,,,,,KHZ
General Antiseptic 1,,428,444,450,465,660,727,760,787,802,880,1550,5000,10000,,,,,,,,,,,,,,,,,,,,,,,,,,,,,XTRA
General Antiseptic,,10000,5000,2145,1550,1488,880,802,786,776,766,760,728,688,683,676,666,660,464,450,444,428,120,20,,,,,,,,,,,,,,,,,,,CAFL
General Antiseptic 3,,14,333,428,450,465,523,555,590,660,690,728,760,768,786,787,802,804,880,1360,1550,1770,1865,2000,2720,3176,5000,10000,,,,,,,,,,,,,,,XTRA
General Antiseptic and Circulation Stimulation,,1.19,20,786,832,1050,5000,,,,,,,,,,,,,,,,,,,,,,,,,,,,,,,,,,,,XTRA
General Balancing,,1130,1131,33,,,,,,,,,,,,,,,,,,,,,,,,,,,,,,,,,,,,,,,CAFL
General Cleanser,,337,464,467,576,688,728,786,803,856,882,912,1554,1862,2128,3337,5762,6667,,,,,,,,,,,,,,,,,,,,,,,,,CUST
General Comprehensive,,10000,5000,4412,3176,3040,2145,2128,2112,2008,1998,1862,1550,1500,1488,880,832,802,786,776,766,760,740,732,728,712,688,683,676,666,660,644,464,450,444,428,422,128,120,95,66.5,20,CAFL
General Demo,,10000,4412,3040,2128,2112,1862,1550,880,800,786,732,728,712,688,676,644,464,422,128,120,20,,,,,,,,,,,,,,,,,,,,,CAFL
General Health 1,,263.1,,,,,,,,,,,,,,,,,,,,,,,,,,,,,,,,,,,,,,,,,XTRA
General Health 2,,59.29,,,,,,,,,,,,,,,,,,,,,,,,,,,,,,,,,,,,,,,,,XTRA
General Malady,,40000,10000,5000,,,,,,,,,,,,,,,,,,,,,,,,,,,,,,,,,,,,,,,CAFL
General Program Blaster 5,,80,400,500,600,622,666,690,727,740,776,784,787,800,880,1500,1550,1560,1570,1600,1800,1840,1998,2000,2008,2128,2489,,,,,,,,,,,,,,,,CAFL
General Program Emem,,720,1550,20,4200,,,,,,,,,,,,,,,,,,,,,,,,,,,,,,,,,,,,,,CAFL
General Prophylaxis,,20,64,95,125,225,427,440,664,728,784,880,802,832,680,760,1550,464,10000,676,1488,,,,,,,,,,,,,,,,,,,,,,CAFL
Geniculate Herpes Zoster,,120,450,900,5910,137500,372500,416600,420200,418000,824370,,,,,,,,,,,,,,,,,,,,,,,,,,,,,,,,XTRA
Genital Diseases Female,,80,350,600,870,2250,5000,55470,172500,397500,796500,,,,,,,,,,,,,,,,,,,,,,,,,,,,,,,,KHZ
Genital Diseases Male,,80,350,600,870,2250,5000,55470,329880,401220,721500,,,,,,,,,,,,,,,,,,,,,,,,,,,,,,,,KHZ
Geotrichum Candidum 2,,412,543,,,,,,,,,,,,,,,,,,,,,,,,,,,,,,,,,,,,,,,,XTRA
Geotrichum Candidum,,350,355,384,386,403,404,407,409,410,412,415,418,543,544,687,987,988,737,700,,,,,,,,,,,,,,,,,,,,,,,CAFL
Geotrichum Candidum,,412,,,,,,,,,,,,,,,,,,,,,,,,,,,,,,,,,,,,,,,,,VEGA
Geriatric Adynamia,,27.5,60,100,220,410,,,,,,,,,,,,,,,,,,,,,,,,,,,,,,,,,,,,,XTRA
German Measles 1,,20=1380,342,344,368,420=1380,431,459,510,517,520,660,690,727.5,735,772,784,796,880,943,967,1489,,,,,,,,,,,,,,,,,,,,,XTRA
German Measles 2,,727,787,880,,,,,,,,,,,,,,,,,,,,,,,,,,,,,,,,,,,,,,,XTRA
German Measles Rubella 1,,368,431,459,510,517,734,772,796,967,,,,,,,,,,,,,,,,,,,,,,,,,,,,,,,,,XTRA
German Measles Rubella Vaccine,,429,459,505,832,926,,,,,,,,,,,,,,,,,,,,,,,,,,,,,,,,,,,,,XTRA
German Measles Rubella,Skin,368,510,517,734,772,796,967,,,,,,,,,,,,,,,,,,,,,,,,,,,,,,,,,,,CAFL
German Measles Secondary,Skin,727,787,880,,,,,,,,,,,,,,,,,,,,,,,,,,,,,,,,,,,,,,,CAFL
German Measles,,517,,,,,,,,,,,,,,,,,,,,,,,,,,,,,,,,,,,,,,,,,VEGA
Germanium,,74.25,80.04,136.25,,,,,,,,,,,,,,,,,,,,,,,,,,,,,,,,,,,,,,,XTRA
Gerstmann-Straussler-Scheinker Disease,,60,260,680,7500,10530,45370,96500,536420,655200,751870,,,,,,,,,,,,,,,,,,,,,,,,,,,,,,,,KHZ
Giant Cell Arteritis,,130,230,750,800,5250,7250,35000,95470,226320,422530,,,,,,,,,,,,,,,,,,,,,,,,,,,,,,,,KHZ
Giant Lymph Node Hyperplasia,,40,500,700,970,5750,7500,37500,96500,225910,425370,,,,,,,,,,,,,,,,,,,,,,,,,,,,,,,,KHZ
Giardia Intestinalis,,200=900,334,407,829,1000,2018,4334,5429,13168.75=1200,13250,13454.09,13763.75,14459.37,21109.72,,,,,,,,,,,,,,,,,,,,,,,,,,,,XTRA
Giardia Lamblia Trophozoites,,421400-426300=3600,,,,,,,,,,,,,,,,,,,,,,,,,,,,,,,,,,,,,,,,,HC
Giardia Lamblia,,1044.54,1050.99,1056.69,13168.75,13250,13321.87,,,,,,,,,,,,,,,,,,,,,,,,,,,,,,,,,,,,XTRA
Giardia Parasites Lamblia,,1050.99,21109.72,,,,,,,,,,,,,,,,,,,,,,,,,,,,,,,,,,,,,,,,XTRA
Giardia Parasites,,334,407,721,812,829,1442,2018,2163,4334,5429,5768,,,,,,,,,,,,,,,,,,,,,,,,,,,,,,,XTRA
Giardia,Intestines,334,407,812,829,2018,4334,5429,,,,,,,,,,,,,,,,,,,,,,,,,,,,,,,,,,,CAFL
Giardiasis,,50,350,600,870,2250,5290,55470,97500,324370,425520,,,,,,,,,,,,,,,,,,,,,,,,,,,,,,,,KHZ
Giddiness Dizziness,,20,10000,,,,,,,,,,,,,,,,,,,,,,,,,,,,,,,,,,,,,,,,XTRA
Giddiness,,20,727,787,880,5000,,,,,,,,,,,,,,,,,,,,,,,,,,,,,,,,,,,,,XTRA
Gilbert Disease,,70,320,620,850,5000,22500,60000,352930,422530,563190,,,,,,,,,,,,,,,,,,,,,,,,,,,,,,,,KHZ
Gingivitis 1,,20,146,444,465,522,660,690,726,727.5,776,787,802,880,1550,1556,1600,1800,1865,2008,2489,2720,,,,,,,,,,,,,,,,,,,,,XTRA
Gingivitis,Gums,1550,880,802,787,728,726,465,20,1556,776,465,,,,,,,,,,,,,,,,,,,,,,,,,,,,,,,CAFL
Gingivitis,,70,120,600,870,2250,22500,187500,396500,587500,696500,,,,,,,,,,,,,,,,,,,,,,,,,,,,,,,,KHZ
Glanders 2,,501,687,737,743,774,857,875,986,1273,,,,,,,,,,,,,,,,,,,,,,,,,,,,,,,,,XTRA
Glanders 3,,20,501,660,687,690,727.5,743,774,787,857,875,880,1273,,,,,,,,,,,,,,,,,,,,,,,,,,,,,XTRA
Glanders 4,,407,11509.22,15406.25,,,,,,,,,,,,,,,,,,,,,,,,,,,,,,,,,,,,,,,XTRA
Glanders Pseudomonas Mallei,,20,727,787,880,,,,,,,,,,,,,,,,,,,,,,,,,,,,,,,,,,,,,,XTRA
Glanders,,501,687,743,774,857,875,1273,,,,,,,,,,,,,,,,,,,,,,,,,,,,,,,,,,,CAFL
Glanders,,986000,736591,,,,,,,,,,,,,,,,,,,,,,,,,,,,,,,,,,,,,,,,Rife
Glands Enlarged,,20,727,787,880,10000,,,,,,,,,,,,,,,,,,,,,,,,,,,,,,,,,,,,,XTRA
Glands General Normalize,,537,,,,,,,,,,,,,,,,,,,,,,,,,,,,,,,,,,,,,,,,,XTRA
Glands,,15136.71,,,,,,,,,,,,,,,,,,,,,,,,,,,,,,,,,,,,,,,,,XTRA
Glandular Fever 2,,20,727,787,880,5000,,,,,,,,,,,,,,,,,,,,,,,,,,,,,,,,,,,,,XTRA
Glandular Fever Adrenals,,20,10000,12000,,,,,,,,,,,,,,,,,,,,,,,,,,,,,,,,,,,,,,,XTRA
Glandular Fever Parathyroid,,20,10000,,,,,,,,,,,,,,,,,,,,,,,,,,,,,,,,,,,,,,,,XTRA
Glandular Fever Thyroid,,10000,20,16000,,,,,,,,,,,,,,,,,,,,,,,,,,,,,,,,,,,,,,,CAFL
Glandular Fever Thyroid,,20,10000,16000,,,,,,,,,,,,,,,,,,,,,,,,,,,,,,,,,,,,,,,XTRA
Glandular Fever,Viral,10000,20,,,,,,,,,,,,,,,,,,,,,,,,,,,,,,,,,,,,,,,,CAFL
Glaucoma 1,,660,690,727.5,787,880,1600,1830,,,,,,,,,,,,,,,,,,,,,,,,,,,,,,,,,,,XTRA
Glaucoma 2,,3022,,,,,,,,,,,,,,,,,,,,,,,,,,,,,,,,,,,,,,,,,XTRA
Glaucoma 3,Eyes,727,787,880,1600,1830,,,,,,,,,,,,,,,,,,,,,,,,,,,,,,,,,,,,,CAFL
Glaucoma,,160,550,950,5290,7250,32500,137500,326070,490000,515700,,,,,,,,,,,,,,,,,,,,,,,,,,,,,,,,KHZ
Glioblastoma,,70,410,730,850,7500,20000,57500,150000,225370,342060,,,,,,,,,,,,,,,,,,,,,,,,,,,,,,,,KHZ
Gliocladium 1,,469,633,855,,,,,,,,,,,,,,,,,,,,,,,,,,,,,,,,,,,,,,,XTRA
Gliocladium 2,,855,,,,,,,,,,,,,,,,,,,,,,,,,,,,,,,,,,,,,,,,,XTRA
Glioma,,50,490,9730,88000,105750,237250,413930,651200,732590,973520,,,,,,,,,,,,,,,,,,,,,,,,,,,,,,,,KHZ
Glioma,,543,641,,,,,,,,,,,,,,,,,,,,,,,,,,,,,,,,,,,,,,,,VEGA
Glossitis Benign Migratory,,30,120,600,930,2250,217500,387500,475000,575520,726900,,,,,,,,,,,,,,,,,,,,,,,,,,,,,,,,KHZ
Glossopharyngeal Nerve Diseases,,70,570,950,2250,125250,320000,437500,593500,615700,824370,,,,,,,,,,,,,,,,,,,,,,,,,,,,,,,,KHZ
Glucosephosphate Dehydrogenase Deficiency,,100,240,650,830,2500,27500,55370,87500,125520,322060,519340,652430,751870,926160,,,,,,,,,,,,,,,,,,,,,,,,,,,,KHZ
Glutaric Acidemia,,120,550,950,5290,95520,142500,362500,402500,590000,822530,,,,,,,,,,,,,,,,,,,,,,,,,,,,,,,,KHZ
Glycogen Storage Disease,,30,370,950,2500,7500,72500,96500,375370,269710,377910,,,,,,,,,,,,,,,,,,,,,,,,,,,,,,,,KHZ
Goiter 1,Neck,105,121,122,321,361,517,531,532,576,651,714,756,5311,,,,,,,,,,,,,,,,,,,,,,,,,,,,,CAFL
Goiter 2,,20,727,787,880,5000,16000,,,,,,,,,,,,,,,,,,,,,,,,,,,,,,,,,,,,XTRA
Goiter 3,,20,160,660,690,727.5,787,880,16000,,,,,,,,,,,,,,,,,,,,,,,,,,,,,,,,,,CUST
Goiter Struma Cystica,,361,531,756,5311,,,,,,,,,,,,,,,,,,,,,,,,,,,,,,,,,,,,,,XTRA
Goiter Struma Nodosa,,105,122,321,517,532,651,714,,,,,,,,,,,,,,,,,,,,,,,,,,,,,,,,,,,XTRA
Goiter Struma Parenchyma,,121,576,,,,,,,,,,,,,,,,,,,,,,,,,,,,,,,,,,,,,,,,XTRA
Gold au,,36.43,39.28,13375,,,,,,,,,,,,,,,,,,,,,,,,,,,,,,,,,,,,,,,XTRA
Gold,,14750,,,,,,,,,,,,,,,,,,,,,,,,,,,,,,,,,,,,,,,,,XTRA
Goldenhar Syndrome,,10,250,570,870,2250,2500,96500,226320,515700,682020,,,,,,,,,,,,,,,,,,,,,,,,,,,,,,,,KHZ
Goldenhar Syndrome,,40,250,570,870,2250,2500,96500,226320,515700,682020,,,,,,,,,,,,,,,,,,,,,,,,,,,,,,,,XTRA
Gonadal Disorders,,370,950,2500,7500,67500,96500,375520,475910,525910,801290,,,,,,,,,,,,,,,,,,,,,,,,,,,,,,,,KHZ
Gonads Inflammation 1,Testicle,9,20,72,95,125,600,625,650,666,690,727,776,787,802,832,880,1500,1550,,,,,,,,,,,,,,,,,,,,,,,,CAFL
Gonads Inflammation 2,,727,787,880,10000,,,,,,,,,,,,,,,,,,,,,,,,,,,,,,,,,,,,,,XTRA
Gonads,,9,,,,,,,,,,,,,,,,,,,,,,,,,,,,,,,,,,,,,,,,,XTRA
Gonococcus,,600,625,650,660,690,712,727.5,827.52,829.89,834.1,927.89,14562.5,16628.88,20865.63,20875,21031.25,,,,,,,,,,,,,,,,,,,,,,,,,,XTRA
Gonorrhea 1,,600,625,650,660,690,712,727.5,927.89,14563.5,16628.88,20865.63=1200,20875,,,,,,,,,,,,,,,,,,,,,,,,,,,,,,XTRA
Gonorrhea 2,,150,233,600,660,712,1500,2330,6000,7120,,,,,,,,,,,,,,,,,,,,,,,,,,,,,,,,,XTRA
Gonorrhea 3,,600,660,712,,,,,,,,,,,,,,,,,,,,,,,,,,,,,,,,,,,,,,,XTRA
Gonorrhea 4,,150,233,600,660,712,1500,2330,6000,7120,,,,,,,,,,,,,,,,,,,,,,,,,,,,,,,,,XTRA
Gonorrhea 5,,600,660,727,787,880,5000,,,,,,,,,,,,,,,,,,,,,,,,,,,,,,,,,,,,XTRA
Gonorrhea 6,,712,1990,14562.5,18750,18831.13,,,,,,,,,,,,,,,,,,,,,,,,,,,,,,,,,,,,,XTRA
Gonorrhea Neisseria,,927,89,16628.88,,,,,,,,,,,,,,,,,,,,,,,,,,,,,,,,,,,,,,,XTRA
Gonorrhea,Viral,660,600,712,,,,,,,,,,,,,,,,,,,,,,,,,,,,,,,,,,,,,,,CAFL
Gonorrhea,,200,250,570,13610,23250,221750,396500,643740,725370,971000,,,,,,,,,,,,,,,,,,,,,,,,,,,,,,,,KHZ
Gonorrhea,,233000,600000,150649,,,,,,,,,,,,,,,,,,,,,,,,,,,,,,,,,,,,,,,Rife
Gonorrhea,,200,250,570,13610,23250,221750,333850,336500,334000,971000,,,,,,,,,,,,,,,,,,,,,,,,,,,,,,,,XTRA
Gordona Sputi,,381.19,400.6,429.1,435.39,762.29,801.2,858.2,870.7,1524.7,1602.29,1716.4,3049,3204.59,3432.8,3483,17410.5,,,,,,,,,,,,,,,,,,,,,,,,,,XTRA
Gout 1,,9.39,20,727,787,880,3000,5000,10000,,,,,,,,,,,,,,,,,,,,,,,,,,,,,,,,,,XTRA
Gout 2,,9.39,9.4,20,465,660,690,727.5,784=600,787,880,1560=600,3000,10000,,,,,,,,,,,,,,,,,,,,,,,,,,,,,XTRA
Gout 3,,9.39,20,727,787,880,3000,10000,,,,,,,,,,,,,,,,,,,,,,,,,,,,,,,,,,,XTRA
Gout,Joints,9.39,3000,10000,880,787,727,20,,,,,,,,,,,,,,,,,,,,,,,,,,,,,,,,,,,CAFL
Gout,,70,240,30650,78520,197250,267000,512350,602210,733630,925000,,,,,,,,,,,,,,,,,,,,,,,,,,,,,,,,KHZ
Graft vs Host Disease,,70,500,970,9000,12850,32500,42500,190000,325370,425520,,,,,,,,,,,,,,,,,,,,,,,,,,,,,,,,KHZ
Gram-Negative Bacterial Infections,,150,9230,42750,183850,275290,307250,435370,587500,795520,901030,,,,,,,,,,,,,,,,,,,,,,,,,,,,,,,,KHZ
Granuloma Annulare,,500,700,970,7500,88000,370500,547500,656500,725370,825520,,,,,,,,,,,,,,,,,,,,,,,,,,,,,,,,KHZ
Granuloma Dent,Teeth,441,,,,,,,,,,,,,,,,,,,,,,,,,,,,,,,,,,,,,,,,,CAFL
Granuloma Inguinale,,30,500,700,970,88000,370500,547500,656500,725370,825520,,,,,,,,,,,,,,,,,,,,,,,,,,,,,,,,KHZ
Granuloma,,100,500,700,970,5750,39500,132810,387210,506530,925370,,,,,,,,,,,,,,,,,,,,,,,,,,,,,,,,KHZ
Granulomatosis Wegener's,,90,330,5490,37000,203830,381410,481930,614820,763000,797230,,,,,,,,,,,,,,,,,,,,,,,,,,,,,,,,XTRA
Gravel Deposits,,2.64,20,727,787,880,3000,5000,,,,,,,,,,,,,,,,,,,,,,,,,,,,,,,,,,,XTRA
Gravel In Urine 1,Kidney,2.65,20,727,787,880,3000,,,,,,,,,,,,,,,,,,,,,,,,,,,,,,,,,,,,CAFL
Gravel In Urine 2,,2.64,20,727,787,880,3000,,,,,,,,,,,,,,,,,,,,,,,,,,,,,,,,,,,,XTRA
Graves Disease and Goiter,,20,727,787,880,,,,,,,,,,,,,,,,,,,,,,,,,,,,,,,,,,,,,,XTRA
Graves Disease,,80,350,55610,119870,232250,308290,455520,585370,697500,825910,,,,,,,,,,,,,,,,,,,,,,,,,,,,,,,,KHZ
Greatest Hits,,20,120,128,422,464,644,676,688,712,728,732,786,800,880,1550,1862,2112,2128,3040,4412,10000,,,,,,,,,,,,,,,,,,,,,XTRA
Green Dye,,563,2333,,,,,,,,,,,,,,,,,,,,,,,,,,,,,,,,,,,,,,,,CAFL
Grippe 1986,,532,,,,,,,,,,,,,,,,,,,,,,,,,,,,,,,,,,,,,,,,,CAFL
Grippe 1987,,332,953,,,,,,,,,,,,,,,,,,,,,,,,,,,,,,,,,,,,,,,,BIO
Grippe Va 2 L,,447,,,,,,,,,,,,,,,,,,,,,,,,,,,,,,,,,,,,,,,,,CAFL
Grippe Va 2,,833,,,,,,,,,,,,,,,,,,,,,,,,,,,,,,,,,,,,,,,,,CAFL
Grippe Virus 3,,550,553,,,,,,,,,,,,,,,,,,,,,,,,,,,,,,,,,,,,,,,,CAFL
Grippe Virus 4,,232,352,,,,,,,,,,,,,,,,,,,,,,,,,,,,,,,,,,,,,,,,CAFL
Grippe Virus 5,,945,,,,,,,,,,,,,,,,,,,,,,,,,,,,,,,,,,,,,,,,,CAFL
Grippe Virus,,861,,,,,,,,,,,,,,,,,,,,,,,,,,,,,,,,,,,,,,,,,CAFL
Grippe,,343,500,512,541,862,1000,1192,3012,3423,10223,,,,,,,,,,,,,,,,,,,,,,,,,,,,,,,,BIO
Grippe,,343,512,862,3012,3423,10223,,,,,,,,,,,,,,,,,,,,,,,,,,,,,,,,,,,,VEGA
Grippe,,80,250,570,7500,10530,12500,40000,313350,320000,615000,,,,,,,,,,,,,,,,,,,,,,,,,,,,,,,,XTRA
Griseofulvin,,288000,,,,,,,,,,,,,,,,,,,,,,,,,,,,,,,,,,,,,,,,,HC
Griseofulvin,,713.87,14338.68,,,,,,,,,,,,,,,,,,,,,,,,,,,,,,,,,,,,,,,,XTRA
Grounding,,194.71,,,,,,,,,,,,,,,,,,,,,,,,,,,,,,,,,,,,,,,,,XTRA
Growth Hormone,,1.05,,,,,,,,,,,,,,,,,,,,,,,,,,,,,,,,,,,,,,,,,XTRA
Growth,,183.58,,,,,,,,,,,,,,,,,,,,,,,,,,,,,,,,,,,,,,,,,XTRA
Guillain-Barre Syndrome,,40,320,620,5970,35250,112730,296000,392970,701660,933500,,,,,,,,,,,,,,,,,,,,,,,,,,,,,,,,KHZ
Guillain-Barre Syndrome,,20.87,30,41.75,82.59,165,330,727,740,787,880,1234,1550,2600,2650,2900,2950,4412,5000,7344,10000,,,,,,,,,,,,,,,,,,,,,,XTRA
Guilt and Fear Release,,396,,,,,,,,,,,,,,,,,,,,,,,,,,,,,,,,,,,,,,,,,XTRA
Guilt and Shame,,126.22,,,,,,,,,,,,,,,,,,,,,,,,,,,,,,,,,,,,,,,,,XTRA
Gulf War Syndrome 1,,136,253,255,392,435,533,578,633,639,714,771,837,866,975,1365,1370,2688,5419,6007,7755,,,,,,,,,,,,,,,,,,,,,,XTRA
Gum Disease 2,,20,465,726,728,776,787,802,880,1550,1556,,,,,,,,,,,,,,,,,,,,,,,,,,,,,,,,XTRA
Gum Disease,Gums,20,146,444,465,522,726,727,728,776,787,802,880,1550,1556,1600,1800,2008,2489,2720,,,,,,,,,,,,,,,,,,,,,,,CAFL
Gum Infection,,20,146,444,465,522,660,690,726,727.5,776,787,802,880,1550,1556,1600,1800,1865,2008,2489,2720,,,,,,,,,,,,,,,,,,,,,XTRA
Gum Inflammation 1,,20,465,727,787,800,880,5000,,,,,,,,,,,,,,,,,,,,,,,,,,,,,,,,,,,XTRA
Gum Inflammation 2,,20,465,727,787,802,880,1550,,,,,,,,,,,,,,,,,,,,,,,,,,,,,,,,,,,XTRA
Gynecomastia,,190,230,950,2250,112500,227500,252200,322500,421000,826320,,,,,,,,,,,,,,,,,,,,,,,,,,,,,,,,KHZ
Gyrate Atrophy,,50,660,1320,7500,17500,15910,151200,231200,341000,525290,,,,,,,,,,,,,,,,,,,,,,,,,,,,,,,,KHZ
Gyrodactylus,,378750-381800=3600,,,,,,,,,,,,,,,,,,,,,,,,,,,,,,,,,,,,,,,,,HC
Gyrodactylus,,938.83,941.92,946.38,11835.94,11875,11931.25,,,,,,,,,,,,,,,,,,,,,,,,,,,,,,,,,,,,XTRA
H1N1- Swine Flu,,20,450,650,2210,6150,10230,15910,30280,77500,327110,,,,,,,,,,,,,,,,,,,,,,,,,,,,,,,,KHZ
H5N1- Bird Flu,,20,450,650,2740,8320,11690,25120,77010,351290,501710,,,,,,,,,,,,,,,,,,,,,,,,,,,,,,,,KHZ
Haemonchus Contortus,,386800-395000=3600,,,,,,,,,,,,,,,,,,,,,,,,,,,,,,,,,,,,,,,,,HC
Haemonchus Contortus,,958.77,974.14,979.11,12087.5,12281.25,12343.75,,,,,,,,,,,,,,,,,,,,,,,,,,,,,,,,,,,,XTRA
Haemophilia Tonic,,751,778,845,,,,,,,,,,,,,,,,,,,,,,,,,,,,,,,,,,,,,,,XTRA
Haemophilia,,845,,,,,,,,,,,,,,,,,,,,,,,,,,,,,,,,,,,,,,,,,BIO
Haemophilus Influenzae 1,,832.86,833.87,21000,21025.63,,,,,,,,,,,,,,,,,,,,,,,,,,,,,,,,,,,,,,XTRA
Haemophilus Influenzae 2,,832.86,16728.45,,,,,,,,,,,,,,,,,,,,,,,,,,,,,,,,,,,,,,,,XTRA
Haemophilus Influenzae 3,,542,,,,,,,,,,,,,,,,,,,,,,,,,,,,,,,,,,,,,,,,,XTRA
Haemophilus Influenzae B,,652,942,,,,,,,,,,,,,,,,,,,,,,,,,,,,,,,,,,,,,,,,XTRA
Haemophilus Influenzae,,336410,,,,,,,,,,,,,,,,,,,,,,,,,,,,,,,,,,,,,,,,,HC
Haemophilus Influenzae,,542,,,,,,,,,,,,,,,,,,,,,,,,,,,,,,,,,,,,,,,,,VEGA
Haemophilus Influenzae,,50,370,830,2500,3000,73300,95750,175000,269710,336410,,,,,,,,,,,,,,,,,,,,,,,,,,,,,,,,XTRA
Hair Diseases,,170,180,870,2500,27500,82500,85520,165000,692500,825520,,,,,,,,,,,,,,,,,,,,,,,,,,,,,,,,KHZ
Hair Human,,646,,,,,,,,,,,,,,,,,,,,,,,,,,,,,,,,,,,,,,,,,BIO
Hair Losing,,20,800,10000,,,,,,,,,,,,,,,,,,,,,,,,,,,,,,,,,,,,,,,XTRA
Hair Loss 1,,3,20,28,95,146,330,465,660,690,727.5,787,800,880,1552,2170,2720,4200,5000,10000,15000,,,,,,,,,,,,,,,,,,,,,,XTRA
Hair Loss 2,,727,800,880,10000,,,,,,,,,,,,,,,,,,,,,,,,,,,,,,,,,,,,,,XTRA
Hair Regain Color/Grow,,1.05,,,,,,,,,,,,,,,,,,,,,,,,,,,,,,,,,,,,,,,,,XTRA
Hairy Cell,,122,622,932,5122,,,,,,,,,,,,,,,,,,,,,,,,,,,,,,,,,,,,,,VEGA
Halitosis 1,,1550,802,880,787,727,20,,,,,,,,,,,,,,,,,,,,,,,,,,,,,,,,,,,,CAFL
Halitosis 2,,20,660,690,727.5,787,802,880,1550,,,,,,,,,,,,,,,,,,,,,,,,,,,,,,,,,,XTRA
Halitosis,,30,120,950,2500,22500,50000,126160,325290,519340,682450,,,,,,,,,,,,,,,,,,,,,,,,,,,,,,,,KHZ
Halitosis,,1550,,,,,,,,,,,,,,,,,,,,,,,,,,,,,,,,,,,,,,,,,XTRA
Hallucinations 1,,10000,880,787,727,20,,,,,,,,,,,,,,,,,,,,,,,,,,,,,,,,,,,,,CAFL
Hallucinations 2,,20,660,690,727.5,787,880,10000,,,,,,,,,,,,,,,,,,,,,,,,,,,,,,,,,,,XTRA
Hallucinations,,100,570,1000,7500,27500,37500,96500,342060,515700,691270,756530,990500,,,,,,,,,,,,,,,,,,,,,,,,,,,,,,KHZ
Hallux Valgus,,70,240,650,5750,72250,123000,502500,622880,713230,807730,,,,,,,,,,,,,,,,,,,,,,,,,,,,,,,,KHZ
Hamartoma Syndrome Multiple,,60,260,680,9000,10890,45910,125290,526160,652430,750000,,,,,,,,,,,,,,,,,,,,,,,,,,,,,,,,KHZ
Hamartoma,,70,220,730,2500,5520,50000,93500,423010,568430,642910,,,,,,,,,,,,,,,,,,,,,,,,,,,,,,,,KHZ
Hand Foot and Mouth Syndrome,,232,237,1214,1243,1244,1271,5411,,,,,,,,,,,,,,,,,,,,,,,,,,,,,,,,,,,BIO
Hand Tremors,,470,,,,,,,,,,,,,,,,,,,,,,,,,,,,,,,,,,,,,,,,,XTRA
Hangover,,10000,522,146,,,,,,,,,,,,,,,,,,,,,,,,,,,,,,,,,,,,,,,CAFL
Hangover,,10,,,,,,,,,,,,,,,,,,,,,,,,,,,,,,,,,,,,,,,,,XTRA
Hansen's Disease (Leprosy),,600,,,,,,,,,,,,,,,,,,,,,,,,,,,,,,,,,,,,,,,,,XTRA
Hansen's Disease,,20,428,440,444,450,465,500,600,625,650,660,690,700,727.5,760,776,787,802,832,880,1500,1550,1600,1865,,,,,,,,,,,,,,,,,,XTRA
Hansen's Disease,,170,240,790,3500,5820,48000,97500,123010,468430,592260,,,,,,,,,,,,,,,,,,,,,,,,,,,,,,,,XTRA
Hantavirus Infections,,70,120,600,870,2250,125520,387500,525000,707500,816500,,,,,,,,,,,,,,,,,,,,,,,,,,,,,,,,KHZ
Harmony and Love,,221.23,,,,,,,,,,,,,,,,,,,,,,,,,,,,,,,,,,,,,,,,,XTRA
Harmony,,1,,,,,,,,,,,,,,,,,,,,,,,,,,,,,,,,,,,,,,,,,XTRA
Hartnup Disease,,160,550,950,5750,67250,132500,237500,391500,421220,515700,,,,,,,,,,,,,,,,,,,,,,,,,,,,,,,,KHZ
Hastoiditis,,287,,,,,,,,,,,,,,,,,,,,,,,,,,,,,,,,,,,,,,,,,CAFL
Hay Fever,,880,787,727,20,,,,,,,,,,,,,,,,,,,,,,,,,,,,,,,,,,,,,,CAFL
Head Cold,,72,120,,,,,,,,,,,,,,,,,,,,,,,,,,,,,,,,,,,,,,,,XTRA
Head Injuries 1,,4.9,5.79,9.59,72,160,522,660,690,727.5,787,880,3000,,,,,,,,,,,,,,,,,,,,,,,,,,,,,,XTRA
Head Injuries 2,,4.9,5.79,9.59,72,522,727,787,880,3000,,,,,,,,,,,,,,,,,,,,,,,,,,,,,,,,,XTRA
Head Injury Follow-up,,9.6,3000,880,787,727,522,72,5.8,4.9,,,,,,,,,,,,,,,,,,,,,,,,,,,,,,,,,CAFL
Head Pressure In,,20,727,787,880,5000,,,,,,,,,,,,,,,,,,,,,,,,,,,,,,,,,,,,,XTRA
Head Top Of,,1052,,,,,,,,,,,,,,,,,,,,,,,,,,,,,,,,,,,,,,,,,XTRA
Headache Migraine,,0.5,,,,,,,,,,,,,,,,,,,,,,,,,,,,,,,,,,,,,,,,,XTRA
Headache Rapid Relief,,160,,,,,,,,,,,,,,,,,,,,,,,,,,,,,,,,,,,,,,,,,XTRA
Headache,,160,550,950,7500,22500,42500,96500,275520,515700,650000,,,,,,,,,,,,,,,,,,,,,,,,,,,,,,,,KHZ
Headaches 1,,144,160,1.2,520,10,10000,304,,,,,,,,,,,,,,,,,,,,,,,,,,,,,,,,,,,CAFL
Headaches 2,,1.19,10,144,160,304,520,10000,,,,,,,,,,,,,,,,,,,,,,,,,,,,,,,,,,,XTRA
Headaches Biliary,,3.5,8.5,,,,,,,,,,,,,,,,,,,,,,,,,,,,,,,,,,,,,,,,XTRA
Headaches Comp,,1.19,4,4.9,5.79,6.29,7.83,9.39,9.59,10,20,73,95,125,144,146,160,304,520,522,600,625,650,727,787,880,3000,10000,,,,,,,,,,,,,,,XTRA
Headaches Due to Parasites,,125,95,73,20,727,3000,,,,,,,,,,,,,,,,,,,,,,,,,,,,,,,,,,,,CAFL
Headaches Due to Toxicity,,522,146,4.9,3000,880,787,727,20,,,,,,,,,,,,,,,,,,,,,,,,,,,,,,,,,,CAFL
Headaches Parasites 1,,20,73,95,125,727,3000,,,,,,,,,,,,,,,,,,,,,,,,,,,,,,,,,,,,XTRA
Headaches Parasites 2,,1.1,1.19,20,72,73,95,125,160,250,660,690,727.5,3000,,,,,,,,,,,,,,,,,,,,,,,,,,,,,XTRA
Headaches Rapid Relief,,160,,,,,,,,,,,,,,,,,,,,,,,,,,,,,,,,,,,,,,,,,XTRA
Headaches Toxicity 1,,1.19,4.9,20,146,160,250,522,660,690,727.5,787,880,3000,,,,,,,,,,,,,,,,,,,,,,,,,,,,,XTRA
Headaches Toxicity 2,,4.9,20,146,522,727,787,880,3000,,,,,,,,,,,,,,,,,,,,,,,,,,,,,,,,,,XTRA
Headaches Unknown Cause,,10,4,5.8,6.3,7.83,3000,650,625,600,,,,,,,,,,,,,,,,,,,,,,,,,,,,,,,,,CAFL
Headaches Urogenital 1,,1.19,9.39,9.4,160,250,333,523,555,768,786,3000,,,,,,,,,,,,,,,,,,,,,,,,,,,,,,,XTRA
Headaches Urogenital 2,,9.39,3000,,,,,,,,,,,,,,,,,,,,,,,,,,,,,,,,,,,,,,,,XTRA
Headaches Vertebral Misalignment 1,,9.59,3000,,,,,,,,,,,,,,,,,,,,,,,,,,,,,,,,,,,,,,,,XTRA
Headaches Vertebral Misalignment 2,,1.19,9.59,160,250,3000,,,,,,,,,,,,,,,,,,,,,,,,,,,,,,,,,,,,,XTRA
Headaches Vertebral Misalignment,,9.6,3000,,,,,,,,,,,,,,,,,,,,,,,,,,,,,,,,,,,,,,,,CAFL
Headaches,,10,1.2,304,,,,,,,,,,,,,,,,,,,,,,,,,,,,,,,,,,,,,,,XTRA
Healing 1,,1026,1537,2029,,,,,,,,,,,,,,,,,,,,,,,,,,,,,,,,,,,,,,,XTRA
Healing 2,,1549,3642,7055,,,,,,,,,,,,,,,,,,,,,,,,,,,,,,,,,,,,,,,XTRA
Healing 3,,8,,,,,,,,,,,,,,,,,,,,,,,,,,,,,,,,,,,,,,,,,XTRA
Healing Acceleration,,20,26,33,39,45,78.29,140,200,300,330,450,783,900,,,,,,,,,,,,,,,,,,,,,,,,,,,,,XTRA
Healing and Regeneration 1,,2720,266,47,,,,,,,,,,,,,,,,,,,,,,,,,,,,,,,,,,,,,,,CAFL
Healing and Regeneration 2,,47,2720=1800,,,,,,,,,,,,,,,,,,,,,,,,,,,,,,,,,,,,,,,,XTRA
Healing Enhanced,,7.83,,,,,,,,,,,,,,,,,,,,,,,,,,,,,,,,,,,,,,,,,XTRA
Healing Frequency Russian,,59.3,,,,,,,,,,,,,,,,,,,,,,,,,,,,,,,,,,,,,,,,,XTRA
Healing General,,9,8,,,,,,,,,,,,,,,,,,,,,,,,,,,,,,,,,,,,,,,,XTRA
Healing Infinite,,1638,2444,3127,,,,,,,,,,,,,,,,,,,,,,,,,,,,,,,,,,,,,,,XTRA
Healing Special,,5.8,8.01,9.6,59.3,148,216,266,2720,3000,20000,,,,,,,,,,,,,,,,,,,,,,,,,,,,,,,,CUST
Healing,,10.5,360,,,,,,,,,,,,,,,,,,,,,,,,,,,,,,,,,,,,,,,,XTRA
Hearing Disorders,,10,500,930,2250,5290,30000,142500,350000,422060,775290,,,,,,,,,,,,,,,,,,,,,,,,,,,,,,,,KHZ
Hearing Disorders,,40,500,930,2250,5290,30000,142500,350000,422060,775290,,,,,,,,,,,,,,,,,,,,,,,,,,,,,,,,XTRA
Hearing Loss Sudden,,40,500,950,2250,10530,105910,242500,391280,425520,815290,,,,,,,,,,,,,,,,,,,,,,,,,,,,,,,,KHZ
Hearing,,10.7,,,,,,,,,,,,,,,,,,,,,,,,,,,,,,,,,,,,,,,,,XTRA
Heart Angina Pectoris,,5000,,,,,,,,,,,,,,,,,,,,,,,,,,,,,,,,,,,,,,,,,XTRA
Heart Animals,,3.89,20,73,80,95,125,160,465,727,787,880,3000,,,,,,,,,,,,,,,,,,,,,,,,,,,,,,XTRA
Heart Blockage,,59,60,61,,,,,,,,,,,,,,,,,,,,,,,,,,,,,,,,,,,,,,,XTRA
Heart Bradycardia,,5000,,,,,,,,,,,,,,,,,,,,,,,,,,,,,,,,,,,,,,,,,XTRA
Heart Catheterization,,110,570,800,1520,15290,52500,62500,196500,412500,673110,,,,,,,,,,,,,,,,,,,,,,,,,,,,,,,,KHZ
Heart Defects Congenital,,140,220,730,5250,7250,52510,167530,326160,569710,719340,,,,,,,,,,,,,,,,,,,,,,,,,,,,,,,,KHZ
Heart Disease,,381000,,,,,,,,,,,,,,,,,,,,,,,,,,,,,,,,,,,,,,,,,HC
Heart Diseases,,70,220,700,2750,7250,50000,67500,115700,356720,475520,,,,,,,,,,,,,,,,,,,,,,,,,,,,,,,,KHZ
Heart Disorder,,727,787,880,5000,,,,,,,,,,,,,,,,,,,,,,,,,,,,,,,,,,,,,,XTRA
Heart Endocarditis,,5000,,,,,,,,,,,,,,,,,,,,,,,,,,,,,,,,,,,,,,,,,XTRA
Heart Failure,,140,220,750,5290,7250,50000,167500,334250,425000,805290,,,,,,,,,,,,,,,,,,,,,,,,,,,,,,,,KHZ
Heart Fast Palpitations,,727,787,880,10000,,,,,,,,,,,,,,,,,,,,,,,,,,,,,,,,,,,,,,XTRA
Heart Function Balance,,696,,,,,,,,,,,,,,,,,,,,,,,,,,,,,,,,,,,,,,,,,XTRA
Heart Function Normalize,,1.19,3.89,20,73,80,95,125,160,250,465,660,690,696,727.5,787,880,3000,,,,,,,,,,,,,,,,,,,,,,,,,XTRA
Heart Function Stimulate Normal,,696,,,,,,,,,,,,,,,,,,,,,,,,,,,,,,,,,,,,,,,,,XTRA
Heart General,,20,81,162,5000,,,,,,,,,,,,,,,,,,,,,,,,,,,,,,,,,,,,,,CAFL
Heart Myocarditis,,5000,,,,,,,,,,,,,,,,,,,,,,,,,,,,,,,,,,,,,,,,,XTRA
Heart Septal Defects,,140,220,650,5290,7850,51020,167500,324370,551030,725520,,,,,,,,,,,,,,,,,,,,,,,,,,,,,,,,KHZ
Heart Stenosis,,5000,,,,,,,,,,,,,,,,,,,,,,,,,,,,,,,,,,,,,,,,,XTRA
Heart Tonic Animals,,1.19,3.89,20,73,80,95,125,160,162,465,727,787,880,3000,,,,,,,,,,,,,,,,,,,,,,,,,,,,XTRA
Heart Tonic,,80,160,20,73,3.9,3000,880,787,727,465,162,125,95,20,1.2,,,,,,,,,,,,,,,,,,,,,,,,,,,CAFL
Heart Valve Diseases,,110,220,730,3750,7050,51270,137500,236420,472290,851170,,,,,,,,,,,,,,,,,,,,,,,,,,,,,,,,KHZ
Heart,,10.5,6,,,,,,,,,,,,,,,,,,,,,,,,,,,,,,,,,,,,,,,,XTRA
Heartburn Chronic,,832,2720,2170,2127,1800,1600,1550,802,1500,880,787,727,685,465,444,1865,125,95,72,20,,,,,,,,,,,,,,,,,,,,,,CAFL
Heartworms,,543,2322,,,,,,,,,,,,,,,,,,,,,,,,,,,,,,,,,,,,,,,,BIO
Heartworms,,200,535,799,1077,2322,,,,,,,,,,,,,,,,,,,,,,,,,,,,,,,,,,,,,CAFL
Heat Exchange,,5.35,,,,,,,,,,,,,,,,,,,,,,,,,,,,,,,,,,,,,,,,,XTRA
Heat Generation,,5.5,6,,,,,,,,,,,,,,,,,,,,,,,,,,,,,,,,,,,,,,,,XTRA
Heat Stress Disorders,,70,410,730,850,7500,20000,57500,150000,225520,322060,,,,,,,,,,,,,,,,,,,,,,,,,,,,,,,,KHZ
Heavy Metal Toxicity,,317,1902,4202.3,5333.69,9887,14164.1,15952.79,19007.15,19007.2,19169.38,19516.29,21822.15,,,,,,,,,,,,,,,,,,,,,,,,,,,,,,XTRA
Heavy Metals,,30000,,,,,,,,,,,,,,,,,,,,,,,,,,,,,,,,,,,,,,,,,CAFL
Heel Spurs,,1.19,120,250,,,,,,,,,,,,,,,,,,,,,,,,,,,,,,,,,,,,,,,XTRA
Helicobacter Pylori,,250,850,2230,30000,95000,107100,225300,438950,633100,823410,,,,,,,,,,,,,,,,,,,,,,,,,,,,,,,,XTRA
Heliobacter Pylori 1,,347,352,676=600,695,705,728,880,2167,2779,2819,2950,,,,,,,,,,,,,,,,,,,,,,,,,,,,,,,XTRA
Heliobacter Pylori 2,Stomach,2950,2819,2779,2167,880,728,705,695,676=600,,,,,,,,,,,,,,,,,,,,,,,,,,,,,,,,,CAFL
Heliobacter Pylori 3,,2167,728,880,2950,,,,,,,,,,,,,,,,,,,,,,,,,,,,,,,,,,,,,,CAFL
Heliobacter Pylori 4,,695,705,2779,2819,,,,,,,,,,,,,,,,,,,,,,,,,,,,,,,,,,,,,,XTRA
Heliobacter Pylori 5,,0.2,0.4,0.59,0.8,,,,,,,,,,,,,,,,,,,,,,,,,,,,,,,,,,,,,,XTRA
Heliobacterium Pylori Ulcer,Stomach,676,,,,,,,,,,,,,,,,,,,,,,,,,,,,,,,,,,,,,,,,,CAFL
Helminthiasis,,60,490,730,1270,12330,5870,112710,252500,492500,675290,,,,,,,,,,,,,,,,,,,,,,,,,,,,,,,,KHZ
Helminthosporium,,793,969,,,,,,,,,,,,,,,,,,,,,,,,,,,,,,,,,,,,,,,,BIO
Hemangioma Cavernous,,30,370,970,2750,81500,172500,396500,475290,533630,876290,,,,,,,,,,,,,,,,,,,,,,,,,,,,,,,,KHZ
Hemangioma,,150,240,700,830,2500,17500,432500,555910,625290,775520,,,,,,,,,,,,,,,,,,,,,,,,,,,,,,,,KHZ
Hematologic Diseases,,70,250,570,870,2250,72500,96500,226320,526160,682020,,,,,,,,,,,,,,,,,,,,,,,,,,,,,,,,KHZ
Hematoma Epidural Cranial,,370,970,2500,17500,71500,96500,179930,224370,451220,567210,,,,,,,,,,,,,,,,,,,,,,,,,,,,,,,,KHZ
Hematoma Subdural,,210,250,4570,42690,112250,412500,596500,643740,825520,971000,,,,,,,,,,,,,,,,,,,,,,,,,,,,,,,,KHZ
Hematospermia,,80,240,650,5250,73250,147180,351520,412580,539210,725290,,,,,,,,,,,,,,,,,,,,,,,,,,,,,,,,KHZ
Hematuria,,10,260,680,2280,12850,45230,167500,396500,425520,625290,,,,,,,,,,,,,,,,,,,,,,,,,,,,,,,,KHZ
Hematuria,,40,260,680,2280,12850,45230,167500,396500,425520,625290,,,,,,,,,,,,,,,,,,,,,,,,,,,,,,,,XTRA
Hemianopsia,,130,580,730,2580,5780,145910,372520,428010,511190,605590,,,,,,,,,,,,,,,,,,,,,,,,,,,,,,,,KHZ
